epoch,acc,dice_coef,f1score,loss,precision,recall,val_acc,val_dice_coef,val_f1score,val_loss,val_precision,val_recall
0,0.6295143210432764,0.1738399926793953,0.2026896148944269,-0.1738399926793953,0.12008256445223485,0.9515119466618926,0.33779444864818026,0.09810559161297687,0.10075293578110732,-0.09810559161297687,0.05321172024909552,0.9999939373561314
1,0.9711502198762375,0.6015991664920562,0.6648049750626329,-0.6015991664920562,0.5860697903544025,0.8136964554132048,0.7852357819482878,0.2260853210826973,0.23603837791975443,-0.2260853210826973,0.1370327002429343,0.8930500830922808
2,0.9812294043340304,0.7294578779334464,0.7413281438604397,-0.7294578786597419,0.7423698588854699,0.7546956708138789,0.9320763365014807,0.48372379061463594,0.4984489625150507,-0.48372379061463594,0.3456695145600802,0.9111387474196297
