epoch,acc,dice_coef,f1score,loss,precision,recall,val_acc,val_dice_coef,val_f1score,val_loss,val_precision,val_recall
0,0.8887070422246144,0.27183772213522506,nan,-0.2718377221345158,0.24877547927255267,0.7051359369539808,0.9117027397279616,0.19109994637501704,0.2674529958855022,-0.19109994637501704,0.1940148062520213,0.43523541363802826
